j,i,wait,delay,service,n_node,n_queue,rho,job
0,0,0.050960,0.000000,0.050960,0.208651,0.000000,0.052163,5894.000000
0,1,0.050894,0.000000,0.050894,0.207283,0.000000,0.051821,5863.500000
0,2,0.050262,0.000000,0.050262,0.203939,0.000000,0.050985,5841.333333
0,3,0.050064,0.000000,0.050064,0.203123,0.000001,0.050780,5841.250000
0,4,0.050044,0.000000,0.050044,0.203209,0.000001,0.050802,5846.200000
0,5,0.050154,0.000000,0.050154,0.203379,0.000001,0.050844,5838.333333
0,6,0.050116,0.000000,0.050116,0.203082,0.000001,0.050770,5834.142857
0,7,0.050052,0.000000,0.050052,0.203254,0.000001,0.050813,5846.500000
0,8,0.050098,0.000000,0.050098,0.203317,0.000001,0.050829,5843.111111
0,9,0.050110,0.000001,0.050109,0.203033,0.000003,0.050757,5833.700000
0,10,0.050144,0.000001,0.050143,0.203257,0.000003,0.050814,5836.000000
0,11,0.050140,0.000001,0.050140,0.203416,0.000003,0.050853,5841.083333
0,12,0.050101,0.000001,0.050100,0.203199,0.000002,0.050799,5839.461538
0,13,0.050146,0.000001,0.050145,0.203284,0.000002,0.050820,5836.642857
0,14,0.050207,0.000001,0.050206,0.203320,0.000002,0.050830,5830.666667
0,15,0.050196,0.000001,0.050195,0.203159,0.000003,0.050789,5827.312500
0,16,0.050133,0.000001,0.050132,0.202928,0.000003,0.050731,5828.058824
0,17,0.050200,0.000001,0.050199,0.203144,0.000003,0.050785,5826.444444
0,18,0.050162,0.000001,0.050162,0.203067,0.000003,0.050766,5828.684211
0,19,0.050166,0.000001,0.050165,0.203024,0.000003,0.050755,5827.100000
0,20,0.050075,0.000001,0.050075,0.202362,0.000003,0.050590,5818.190476
0,21,0.050130,0.000001,0.050130,0.202594,0.000002,0.050648,5818.545455
0,22,0.050137,0.000001,0.050136,0.202995,0.000003,0.050748,5829.217391
0,23,0.050154,0.000001,0.050154,0.203051,0.000003,0.050762,5828.791667
0,24,0.050191,0.000001,0.050190,0.203186,0.000003,0.050796,5828.440000
0,25,0.050177,0.000001,0.050176,0.203160,0.000003,0.050789,5829.346154
0,26,0.050125,0.000001,0.050124,0.202747,0.000003,0.050686,5823.407407
0,27,0.050109,0.000001,0.050108,0.202580,0.000003,0.050644,5820.392857
0,28,0.050100,0.000001,0.050099,0.202510,0.000003,0.050627,5819.448276
0,29,0.050066,0.000001,0.050065,0.202500,0.000003,0.050624,5823.266667
0,30,0.050052,0.000001,0.050051,0.202309,0.000003,0.050577,5819.354839
0,31,0.050056,0.000001,0.050055,0.202188,0.000003,0.050546,5815.437500
0,32,0.050072,0.000001,0.050071,0.202312,0.000003,0.050577,5817.151515
0,33,0.050077,0.000001,0.050077,0.202403,0.000003,0.050600,5819.117647
0,34,0.050060,0.000001,0.050059,0.202409,0.000003,0.050601,5821.342857
0,35,0.050065,0.000001,0.050064,0.202660,0.000003,0.050664,5827.916667
0,36,0.050067,0.000001,0.050066,0.202648,0.000003,0.050661,5827.405405
0,37,0.050081,0.000001,0.050080,0.202596,0.000003,0.050648,5824.210526
0,38,0.050070,0.000001,0.050069,0.202538,0.000003,0.050634,5823.846154
0,39,0.050062,0.000001,0.050061,0.202615,0.000004,0.050653,5827.025000
0,40,0.050039,0.000001,0.050038,0.202332,0.000004,0.050582,5821.390244
0,41,0.050052,0.000001,0.050051,0.202363,0.000004,0.050590,5820.833333
0,42,0.050035,0.000001,0.050034,0.202313,0.000004,0.050577,5821.348837
0,43,0.050039,0.000001,0.050038,0.202329,0.000004,0.050581,5821.318182
0,44,0.050060,0.000001,0.050059,0.202485,0.000004,0.050620,5823.377778
0,45,0.050057,0.000001,0.050056,0.202467,0.000004,0.050616,5823.173913
0,46,0.050036,0.000001,0.050035,0.202309,0.000004,0.050576,5821.063830
0,47,0.050035,0.000001,0.050034,0.202233,0.000004,0.050557,5818.916667
0,48,0.050029,0.000001,0.050028,0.202196,0.000004,0.050548,5818.591837
0,49,0.050031,0.000001,0.050030,0.202187,0.000004,0.050546,5818.080000
0,50,0.050025,0.000001,0.050024,0.202133,0.000004,0.050532,5817.254902
0,51,0.050017,0.000001,0.050016,0.202178,0.000003,0.050544,5819.480769
0,52,0.050017,0.000001,0.050017,0.202191,0.000003,0.050547,5819.830189
0,53,0.050016,0.000001,0.050015,0.202151,0.000003,0.050537,5818.888889
0,54,0.050034,0.000001,0.050033,0.202241,0.000003,0.050560,5819.309091
0,55,0.050035,0.000001,0.050034,0.202159,0.000003,0.050539,5816.839286
0,56,0.050049,0.000001,0.050048,0.202212,0.000003,0.050552,5816.771930
0,57,0.050046,0.000001,0.050045,0.202159,0.000003,0.050539,5815.620690
0,58,0.050041,0.000001,0.050040,0.202154,0.000003,0.050538,5816.050847
0,59,0.050028,0.000001,0.050028,0.202118,0.000003,0.050529,5816.466667
0,60,0.050027,0.000001,0.050026,0.202135,0.000003,0.050533,5817.180328
0,61,0.050046,0.000001,0.050045,0.202186,0.000003,0.050546,5816.419355
0,62,0.050050,0.000001,0.050049,0.202258,0.000003,0.050564,5818.063492
0,63,0.050048,0.000001,0.050047,0.202304,0.000003,0.050575,5819.609375
1,0,12.873109,0.993559,11.879550,2.806916,0.216640,0.647569,316.000000
1,1,12.825859,1.052214,11.773645,2.741974,0.224680,0.629323,310.500000
1,2,13.243404,1.441275,11.802129,2.843544,0.309884,0.633415,311.666667
1,3,13.058895,1.264191,11.794704,2.716429,0.266628,0.612450,301.250000
1,4,12.965154,1.177304,11.787850,2.678343,0.246598,0.607936,299.000000
1,5,12.859282,1.089776,11.769506,2.632578,0.226687,0.601473,296.166667
1,6,12.841471,1.056220,11.785251,2.621142,0.218782,0.600590,295.285714
1,7,12.790868,1.017897,11.772971,2.607546,0.210364,0.599295,295.000000
1,8,12.785053,1.015824,11.769229,2.612226,0.210084,0.600535,295.333333
1,9,12.749772,0.987184,11.762588,2.597081,0.203514,0.598392,294.500000
1,10,12.727925,0.967630,11.760295,2.585835,0.198891,0.596736,293.727273
1,11,12.745105,0.996607,11.748497,2.600673,0.205740,0.598733,294.916667
1,12,12.715210,0.959782,11.755427,2.592263,0.197946,0.598579,294.538462
1,13,12.695745,0.948081,11.747664,2.581993,0.194994,0.596750,293.928571
1,14,12.642609,0.905043,11.737565,2.554994,0.185685,0.592327,292.000000
1,15,12.649060,0.920497,11.728563,2.536662,0.186859,0.587451,289.812500
1,16,12.696684,0.961614,11.735070,2.539508,0.194165,0.586336,289.176471
1,17,12.683237,0.946690,11.736547,2.526645,0.190512,0.584033,288.055556
1,18,12.691394,0.954379,11.737014,2.529022,0.192007,0.584254,288.210526
1,19,12.676169,0.935874,11.740296,2.514262,0.187675,0.581647,286.850000
1,20,12.658595,0.925779,11.732816,2.510299,0.185547,0.581188,286.809524
1,21,12.640777,0.907336,11.733441,2.491244,0.181142,0.577525,285.045455
1,22,12.623042,0.893482,11.729560,2.490751,0.178455,0.578074,285.347826
1,23,12.616116,0.888021,11.728096,2.478925,0.176648,0.575569,284.083333
1,24,12.587910,0.866430,11.721480,2.463090,0.172018,0.572768,282.800000
1,25,12.591721,0.865072,11.726649,2.463791,0.171654,0.573034,282.807692
1,26,12.583870,0.854941,11.728929,2.460329,0.169491,0.572709,282.629630
1,27,12.568098,0.836217,11.731881,2.449039,0.165523,0.570879,281.678571
1,28,12.574630,0.846676,11.727953,2.454632,0.167859,0.571693,282.103448
1,29,12.573037,0.847966,11.725071,2.451412,0.167819,0.570898,281.800000
1,30,12.591786,0.861421,11.730365,2.454667,0.170323,0.571086,281.838710
1,31,12.617399,0.885748,11.731651,2.464891,0.175630,0.572315,282.437500
1,32,12.621815,0.883192,11.738623,2.462058,0.174820,0.571809,282.030303
1,33,12.625964,0.880818,11.745145,2.466646,0.174520,0.573031,282.470588
1,34,12.627483,0.881947,11.745536,2.467774,0.174731,0.573261,282.571429
1,35,12.620813,0.877172,11.743641,2.469399,0.173900,0.573875,282.916667
1,36,12.617089,0.872952,11.744137,2.467420,0.172941,0.573620,282.810811
1,37,12.606890,0.866440,11.740450,2.462870,0.171478,0.572848,282.526316
1,38,12.591054,0.855767,11.735287,2.460781,0.169374,0.572852,282.538462
1,39,12.578730,0.845035,11.733695,2.457912,0.167207,0.572676,282.500000
1,40,12.566351,0.832284,11.734068,2.440563,0.164266,0.569074,280.731707
1,41,12.578169,0.842510,11.735659,2.448558,0.166740,0.570454,281.357143
1,42,12.578892,0.842396,11.736497,2.445896,0.166468,0.569857,281.046512
1,43,12.568046,0.831849,11.736198,2.439650,0.164228,0.568856,280.522727
1,44,12.577619,0.840546,11.737073,2.441754,0.165878,0.568969,280.577778
1,45,12.594428,0.853122,11.741306,2.449129,0.168698,0.570108,281.065217
1,46,12.590546,0.848396,11.742150,2.446113,0.167604,0.569627,280.829787
1,47,12.593882,0.852038,11.741845,2.446759,0.168254,0.569626,280.833333
1,48,12.593652,0.853636,11.740016,2.442784,0.168218,0.568642,280.367347
1,49,12.584852,0.843971,11.740881,2.436464,0.166150,0.567578,279.840000
1,50,12.588825,0.845517,11.743308,2.438352,0.166476,0.567969,279.960784
1,51,12.595587,0.853266,11.742321,2.441599,0.168112,0.568372,280.173077
1,52,12.599347,0.857812,11.741535,2.446682,0.169314,0.569342,280.679245
1,53,12.599308,0.856732,11.742576,2.447417,0.169101,0.569579,280.777778
1,54,12.594216,0.852847,11.741369,2.447209,0.168338,0.569718,280.854545
1,55,12.587405,0.846002,11.741403,2.441184,0.166781,0.568601,280.303571
1,56,12.584544,0.840167,11.744377,2.438618,0.165518,0.568275,280.017544
1,57,12.580421,0.835658,11.744763,2.436456,0.164534,0.567981,279.810345
1,58,12.571271,0.829815,11.741456,2.432101,0.163252,0.567212,279.491525
1,59,12.571542,0.831657,11.739886,2.435617,0.163821,0.567949,279.900000
1,60,12.565315,0.827908,11.737407,2.430784,0.162872,0.566978,279.475410
1,61,12.565818,0.827560,11.738258,2.428817,0.162628,0.566547,279.258065
1,62,12.568924,0.831161,11.737763,2.430989,0.163412,0.566894,279.460317
1,63,12.580456,0.843590,11.736866,2.433095,0.165759,0.566834,279.437500
2,0,20.246830,8.497583,11.749248,66.153758,27.764692,0.984335,4797.000000
2,1,18.015165,6.249931,11.765233,58.395772,20.302551,0.976749,4756.500000
2,2,17.568892,5.826312,11.742580,56.844739,18.883701,0.973360,4731.666667
2,3,18.097964,6.367877,11.730087,58.650498,20.665973,0.973962,4735.750000
2,4,18.176985,6.438006,11.738980,58.947947,20.902378,0.975527,4743.200000
2,5,18.073187,6.328290,11.744898,58.598913,20.538492,0.975908,4739.333333
2,6,17.973607,6.224095,11.749512,58.218144,20.179120,0.975360,4738.000000
2,7,18.584241,6.840028,11.744213,60.275733,22.210719,0.976026,4744.250000
2,8,18.289500,6.547979,11.741521,59.299954,21.255373,0.975502,4741.333333
2,9,18.132999,6.387631,11.745369,58.730260,20.714577,0.974761,4736.000000
2,10,18.006227,6.261258,11.744969,58.338506,20.308543,0.975127,4736.909091
2,11,18.409402,6.666013,11.743390,59.653371,21.622215,0.975158,4741.916667
2,12,18.314550,6.574704,11.739846,59.352075,21.326594,0.975012,4740.230769
2,13,18.147242,6.405224,11.742018,58.809528,20.775846,0.975223,4739.357143
2,14,17.968757,6.224476,11.744280,58.175238,20.175523,0.974352,4734.533333
2,15,17.786848,6.045123,11.741725,57.588361,19.593856,0.974218,4732.875000
2,16,17.725451,5.985343,11.740108,57.401860,19.402725,0.974337,4732.941176
2,17,17.629757,5.890916,11.738841,57.093579,19.096262,0.974290,4731.944444
2,18,17.680466,5.942186,11.738279,57.287041,19.272115,0.974742,4734.736842
2,19,17.612755,5.875371,11.737384,57.054857,19.051084,0.974456,4734.750000
2,20,17.391790,5.653540,11.738250,56.266413,18.324793,0.972862,4724.857143
2,21,17.586807,5.846632,11.740175,56.926771,18.961372,0.973472,4727.681818
2,22,18.353700,6.614830,11.738871,59.497165,21.505139,0.974154,4735.782609
2,23,18.292041,6.553002,11.739040,59.308690,21.305602,0.974438,4736.625000
2,24,18.365876,6.626740,11.739137,59.585460,21.557921,0.975065,4739.120000
2,25,18.408577,6.669302,11.739275,59.727287,21.695069,0.975185,4739.192308
2,26,18.239739,6.501804,11.737934,59.136885,21.142929,0.974204,4734.148148
2,27,18.269036,6.531436,11.737600,59.196071,21.222986,0.973669,4732.178571
2,28,18.111677,6.374743,11.736934,58.678441,20.712085,0.973496,4730.482759
2,29,18.343843,6.607494,11.736350,59.452792,21.475997,0.973764,4734.266667
2,30,18.242201,6.505981,11.736220,59.114526,21.143011,0.973629,4732.903226
2,31,18.103993,6.368323,11.735671,58.631985,20.689773,0.972877,4729.187500
2,32,18.235340,6.500001,11.735339,59.097730,21.133529,0.973441,4732.515152
2,33,18.140725,6.404747,11.735977,58.784587,20.821409,0.973415,4732.617647
2,34,18.219978,6.485402,11.734575,59.081649,21.098612,0.973924,4735.257143
2,35,18.690938,6.955770,11.735168,60.642397,22.644314,0.974310,4739.027778
2,36,18.743589,7.007817,11.735771,60.807746,22.808760,0.974333,4739.756757
2,37,18.629765,6.893400,11.736366,60.419800,22.432171,0.974042,4737.578947
2,38,18.573395,6.837820,11.735575,60.237083,22.250006,0.974028,4737.666667
2,39,18.896801,7.161842,11.734958,61.329872,23.326631,0.974442,4740.925000
2,40,18.822340,7.087171,11.735169,61.063455,23.075859,0.974041,4737.951220
2,41,18.720784,6.985506,11.735278,60.727377,22.742766,0.973964,4736.880952
2,42,18.694493,6.959752,11.734740,60.650438,22.660087,0.974112,4737.674419
2,43,18.652884,6.918647,11.734238,60.523841,22.527460,0.974266,4738.068182
2,44,18.623732,6.890104,11.733628,60.442807,22.437514,0.974495,4739.955556
2,45,18.533904,6.800820,11.733084,60.149629,22.145780,0.974458,4739.217391
2,46,18.502525,6.769760,11.732766,60.036251,22.039777,0.974269,4739.042553
2,47,18.426437,6.693580,11.732857,59.770903,21.787191,0.973941,4736.979167
2,48,18.410409,6.678068,11.732341,59.727522,21.738243,0.974084,4738.326531
2,49,18.367033,6.634523,11.732510,59.587521,21.595712,0.974149,4738.000000
2,50,18.327315,6.594274,11.733041,59.454170,21.462470,0.974146,4737.156863
2,51,18.342375,6.609014,11.733361,59.514493,21.513346,0.974388,4738.230769
2,52,18.335163,6.601533,11.733630,59.486542,21.486188,0.974368,4737.679245
2,53,18.251283,6.517962,11.733321,59.195686,21.210957,0.973967,4735.722222
2,54,18.273343,6.539556,11.733787,59.263196,21.278109,0.973977,4735.527273
2,55,18.211120,6.477467,11.733653,59.043625,21.071825,0.973636,4733.339286
2,56,18.232470,6.498291,11.734179,59.114507,21.138756,0.973737,4733.368421
2,57,18.221540,6.487351,11.734189,59.069823,21.099005,0.973611,4732.275862
2,58,18.335657,6.601671,11.733986,59.452241,21.475057,0.973774,4733.152542
2,59,18.305261,6.570901,11.734361,59.357296,21.375167,0.973901,4733.183333
2,60,18.359041,6.624426,11.734615,59.549830,21.555883,0.974204,4734.590164
2,61,18.292559,6.557790,11.734769,59.327246,21.337418,0.974098,4733.854839
2,62,18.490804,6.755937,11.734867,59.988876,21.990514,0.974317,4735.698413
2,63,18.592303,6.857055,11.735248,60.334041,22.325836,0.974569,4736.390625
3,0,12.873109,0.993559,11.879550,2.806916,0.216640,0.647569,316.000000
3,1,12.825859,1.052214,11.773645,2.741974,0.224680,0.629323,310.500000
3,2,13.243404,1.441275,11.802129,2.843544,0.309884,0.633415,311.666667
3,3,13.058895,1.264191,11.794704,2.716429,0.266628,0.612450,301.250000
3,4,12.965154,1.177304,11.787850,2.678343,0.246598,0.607936,299.000000
3,5,12.859282,1.089776,11.769506,2.632578,0.226687,0.601473,296.166667
3,6,12.841471,1.056220,11.785251,2.621142,0.218782,0.600590,295.285714
3,7,12.790868,1.017897,11.772971,2.607546,0.210364,0.599295,295.000000
3,8,12.785053,1.015824,11.769229,2.612226,0.210084,0.600535,295.333333
3,9,12.749772,0.987184,11.762588,2.597081,0.203514,0.598392,294.500000
3,10,12.727925,0.967630,11.760295,2.585835,0.198891,0.596736,293.727273
3,11,12.745105,0.996607,11.748497,2.600673,0.205740,0.598733,294.916667
3,12,12.715210,0.959782,11.755427,2.592263,0.197946,0.598579,294.538462
3,13,12.695745,0.948081,11.747664,2.581993,0.194994,0.596750,293.928571
3,14,12.642609,0.905043,11.737565,2.554994,0.185685,0.592327,292.000000
3,15,12.649060,0.920497,11.728563,2.536662,0.186859,0.587451,289.812500
3,16,12.696684,0.961614,11.735070,2.539508,0.194165,0.586336,289.176471
3,17,12.683237,0.946690,11.736547,2.526645,0.190512,0.584033,288.055556
3,18,12.691394,0.954379,11.737014,2.529022,0.192007,0.584254,288.210526
3,19,12.676169,0.935874,11.740296,2.514262,0.187675,0.581647,286.850000
3,20,12.658595,0.925779,11.732816,2.510299,0.185547,0.581188,286.809524
3,21,12.640777,0.907336,11.733441,2.491244,0.181142,0.577525,285.045455
3,22,12.623042,0.893482,11.729560,2.490751,0.178455,0.578074,285.347826
3,23,12.616116,0.888021,11.728096,2.478925,0.176648,0.575569,284.083333
3,24,12.587910,0.866430,11.721480,2.463090,0.172018,0.572768,282.800000
3,25,12.591721,0.865072,11.726649,2.463791,0.171654,0.573034,282.807692
3,26,12.583870,0.854941,11.728929,2.460329,0.169491,0.572709,282.629630
3,27,12.568098,0.836217,11.731881,2.449039,0.165523,0.570879,281.678571
3,28,12.574630,0.846676,11.727953,2.454632,0.167859,0.571693,282.103448
3,29,12.573037,0.847966,11.725071,2.451412,0.167819,0.570898,281.800000
3,30,12.591786,0.861421,11.730365,2.454667,0.170323,0.571086,281.838710
3,31,12.617399,0.885748,11.731651,2.464891,0.175630,0.572315,282.437500
3,32,12.621815,0.883192,11.738623,2.462058,0.174820,0.571809,282.030303
3,33,12.625964,0.880818,11.745145,2.466646,0.174520,0.573031,282.470588
3,34,12.627483,0.881947,11.745536,2.467774,0.174731,0.573261,282.571429
3,35,12.620813,0.877172,11.743641,2.469399,0.173900,0.573875,282.916667
3,36,12.617089,0.872952,11.744137,2.467420,0.172941,0.573620,282.810811
3,37,12.606890,0.866440,11.740450,2.462870,0.171478,0.572848,282.526316
3,38,12.591054,0.855767,11.735287,2.460781,0.169374,0.572852,282.538462
3,39,12.578730,0.845035,11.733695,2.457912,0.167207,0.572676,282.500000
3,40,12.566351,0.832284,11.734068,2.440563,0.164266,0.569074,280.731707
3,41,12.578169,0.842510,11.735659,2.448558,0.166740,0.570454,281.357143
3,42,12.578892,0.842396,11.736497,2.445896,0.166468,0.569857,281.046512
3,43,12.568046,0.831849,11.736198,2.439650,0.164228,0.568856,280.522727
3,44,12.577619,0.840546,11.737073,2.441754,0.165878,0.568969,280.577778
3,45,12.594428,0.853122,11.741306,2.449129,0.168698,0.570108,281.065217
3,46,12.590546,0.848396,11.742150,2.446113,0.167604,0.569627,280.829787
3,47,12.593882,0.852038,11.741845,2.446759,0.168254,0.569626,280.833333
3,48,12.593652,0.853636,11.740016,2.442784,0.168218,0.568642,280.367347
3,49,12.584852,0.843971,11.740881,2.436464,0.166150,0.567578,279.840000
3,50,12.588825,0.845517,11.743308,2.438352,0.166476,0.567969,279.960784
3,51,12.595587,0.853266,11.742321,2.441599,0.168112,0.568372,280.173077
3,52,12.599347,0.857812,11.741535,2.446682,0.169314,0.569342,280.679245
3,53,12.599308,0.856732,11.742576,2.447417,0.169101,0.569579,280.777778
3,54,12.594216,0.852847,11.741369,2.447209,0.168338,0.569718,280.854545
3,55,12.587405,0.846002,11.741403,2.441184,0.166781,0.568601,280.303571
3,56,12.584544,0.840167,11.744377,2.438618,0.165518,0.568275,280.017544
3,57,12.580421,0.835658,11.744763,2.436456,0.164534,0.567981,279.810345
3,58,12.571271,0.829815,11.741456,2.432101,0.163252,0.567212,279.491525
3,59,12.571542,0.831657,11.739886,2.435617,0.163821,0.567949,279.900000
3,60,12.565315,0.827908,11.737407,2.430784,0.162872,0.566978,279.475410
3,61,12.565818,0.827560,11.738258,2.428817,0.162628,0.566547,279.258065
3,62,12.568924,0.831161,11.737763,2.430989,0.163412,0.566894,279.460317
3,63,12.580456,0.843590,11.736866,2.433095,0.165759,0.566834,279.437500
4,0,12.074421,0.297628,11.776793,2.002289,0.049355,0.050075,240.000000
4,1,12.025805,0.260932,11.764874,1.939167,0.042239,0.048639,233.500000
4,2,11.987446,0.261315,11.726132,1.924830,0.042067,0.048276,232.666667
4,3,12.042149,0.258953,11.783196,1.930362,0.041594,0.048430,232.500000
4,4,12.033762,0.267219,11.766542,1.958216,0.043633,0.049092,236.000000
4,5,12.024039,0.268797,11.755242,1.926308,0.043164,0.048286,232.333333
4,6,12.051003,0.262975,11.788028,1.952352,0.042622,0.048967,234.857143
4,7,12.042398,0.264909,11.777489,1.947021,0.042842,0.048825,234.375000
4,8,12.044162,0.261226,11.782937,1.949620,0.042290,0.048906,234.666667
4,9,12.047092,0.258418,11.788674,1.941874,0.041676,0.048723,233.600000
4,10,12.052582,0.258530,11.794052,1.935001,0.041526,0.048551,232.727273
4,11,12.044121,0.258554,11.785567,1.950737,0.041898,0.048945,234.750000
4,12,12.033337,0.258316,11.775021,1.955124,0.041990,0.049055,235.461538
4,13,12.034134,0.259082,11.775052,1.947215,0.041933,0.048853,234.500000
4,14,12.031259,0.258058,11.773201,1.945877,0.041749,0.048824,234.400000
4,15,12.033054,0.259952,11.773102,1.935865,0.041808,0.048566,233.187500
4,16,12.024208,0.259563,11.764645,1.933273,0.041721,0.048501,233.058824
4,17,12.023168,0.260957,11.762211,1.933615,0.041958,0.048504,233.111111
4,18,12.015062,0.260221,11.754841,1.932294,0.041840,0.048473,233.052632
4,19,12.011611,0.259467,11.752144,1.936987,0.041827,0.048594,233.700000
4,20,12.010031,0.254946,11.755086,1.930529,0.041013,0.048449,232.952381
4,21,12.005700,0.255662,11.750039,1.944302,0.041456,0.048791,234.727273
4,22,12.015954,0.256492,11.759462,1.951827,0.041720,0.048977,235.434783
4,23,12.015324,0.256702,11.758621,1.944710,0.041598,0.048798,234.541667
4,24,12.025803,0.258769,11.767034,1.947240,0.041952,0.048854,234.640000
4,25,12.032325,0.259418,11.772907,1.952413,0.042148,0.048981,235.076923
4,26,12.028926,0.258097,11.770829,1.952696,0.041947,0.048994,235.148148
4,27,12.025037,0.258219,11.766817,1.950282,0.041926,0.048932,234.928571
4,28,12.019937,0.257779,11.762158,1.945029,0.041762,0.048802,234.379310
4,29,12.020913,0.259149,11.761764,1.947183,0.042031,0.048850,234.600000
4,30,12.023780,0.259425,11.764355,1.945415,0.042025,0.048805,234.322581
4,31,12.022407,0.256889,11.765518,1.944841,0.041608,0.048801,234.281250
4,32,12.021062,0.258270,11.762792,1.941260,0.041745,0.048706,233.878788
4,33,12.017399,0.257909,11.759491,1.940189,0.041675,0.048680,233.823529
4,34,12.007501,0.258959,11.748542,1.938952,0.041853,0.048644,233.857143
4,35,12.008163,0.260282,11.747881,1.938256,0.042045,0.048621,233.777778
4,36,12.008641,0.259781,11.748860,1.938080,0.041958,0.048618,233.756757
4,37,12.009673,0.259790,11.749883,1.935754,0.041905,0.048560,233.473684
4,38,12.006794,0.259157,11.747637,1.934230,0.041781,0.048524,233.333333
4,39,12.010362,0.259250,11.751113,1.934403,0.041787,0.048529,233.300000
4,40,12.002638,0.258304,11.744334,1.933913,0.041648,0.048520,233.390244
4,41,12.001173,0.258021,11.743152,1.936709,0.041664,0.048591,233.690476
4,42,12.001310,0.258428,11.742882,1.938913,0.041779,0.048644,233.930233
4,43,12.002400,0.258717,11.743682,1.940434,0.041856,0.048682,234.113636
4,44,12.003661,0.259401,11.744261,1.941551,0.041988,0.048707,234.222222
4,45,12.001617,0.259191,11.742425,1.940465,0.041937,0.048680,234.130435
4,46,12.003963,0.258654,11.745309,1.937670,0.041788,0.048612,233.765957
4,47,12.001807,0.257183,11.744624,1.936091,0.041531,0.048578,233.604167
4,48,12.002087,0.256925,11.745162,1.932289,0.041410,0.048484,233.081633
4,49,12.000642,0.257182,11.743459,1.933558,0.041484,0.048515,233.240000
4,50,12.002941,0.257397,11.745544,1.934016,0.041520,0.048526,233.176471
4,51,12.001777,0.258195,11.743581,1.936198,0.041707,0.048577,233.480769
4,52,12.002031,0.258261,11.743769,1.934427,0.041677,0.048532,233.264151
4,53,12.001268,0.258155,11.743112,1.934378,0.041661,0.048531,233.296296
4,54,12.003856,0.258220,11.745636,1.939085,0.041763,0.048649,233.781818
4,55,12.006029,0.257601,11.748428,1.937374,0.041624,0.048609,233.535714
4,56,12.006590,0.258700,11.747889,1.940040,0.041869,0.048671,233.842105
4,57,12.008836,0.258174,11.750661,1.940942,0.041793,0.048696,233.913793
4,58,12.008870,0.258528,11.750342,1.938626,0.041795,0.048637,233.644068
4,59,12.007234,0.258911,11.748323,1.936588,0.041814,0.048584,233.433333
4,60,12.008856,0.259026,11.749831,1.937440,0.041844,0.048605,233.508197
4,61,12.008351,0.258035,11.750316,1.938056,0.041695,0.048625,233.596774
4,62,12.010071,0.258603,11.751469,1.940562,0.041840,0.048685,233.841270
4,63,12.007752,0.259461,11.748290,1.939862,0.041969,0.048664,233.796875
5,0,12.229053,0.361189,11.867863,6.063486,0.179087,0.150882,720.000000
5,1,12.155436,0.343110,11.812326,6.025376,0.170080,0.150136,720.000000
5,2,12.092349,0.323096,11.769253,5.918562,0.158371,0.147697,710.666667
5,3,12.081921,0.321225,11.760696,5.983782,0.159239,0.149347,719.000000
5,4,12.099378,0.323521,11.775857,5.991307,0.160316,0.149513,718.800000
5,5,12.102236,0.325713,11.776523,6.046052,0.162864,0.150851,724.500000
5,6,12.094165,0.324202,11.769963,6.007792,0.161193,0.149913,720.428571
5,7,12.096522,0.327567,11.768955,5.993028,0.162384,0.149504,718.625000
5,8,12.085094,0.328278,11.756816,5.955138,0.161829,0.148546,714.666667
5,9,12.084197,0.323317,11.760879,5.926504,0.158727,0.147892,711.500000
5,10,12.090768,0.322623,11.768145,5.919207,0.158099,0.147721,710.272727
5,11,12.092645,0.323916,11.768729,5.914673,0.158567,0.147592,709.500000
5,12,12.090120,0.323037,11.767083,5.909965,0.158037,0.147485,709.230769
5,13,12.090955,0.325567,11.765387,5.922669,0.159629,0.147770,710.714286
5,14,12.090965,0.324876,11.766089,5.931545,0.159511,0.148001,711.800000
5,15,12.086328,0.324596,11.761732,5.921239,0.159151,0.147746,710.750000
5,16,12.084842,0.323964,11.760878,5.921493,0.158859,0.147760,710.823529
5,17,12.080500,0.323199,11.757302,5.926744,0.158668,0.147899,711.666667
5,18,12.083369,0.327031,11.756338,5.942721,0.161019,0.148249,713.421053
5,19,12.076959,0.326527,11.750432,5.939664,0.160764,0.148177,713.450000
5,20,12.072974,0.321215,11.751759,5.928731,0.157982,0.147968,712.285714
5,21,12.074197,0.322766,11.751431,5.925824,0.158630,0.147877,711.909091
5,22,12.073884,0.323227,11.750657,5.928482,0.158924,0.147937,712.173913
5,23,12.075958,0.323058,11.752899,5.927994,0.158793,0.147928,712.000000
5,24,12.079300,0.325979,11.753322,5.923383,0.160015,0.147779,711.280000
5,25,12.082724,0.327195,11.755529,5.938971,0.161014,0.148153,712.923077
5,26,12.080793,0.324316,11.756477,5.944793,0.159732,0.148335,713.740741
5,27,12.075862,0.322874,11.752988,5.956229,0.159347,0.148638,715.428571
5,28,12.074199,0.321589,11.752610,5.961380,0.158852,0.148783,716.034483
5,29,12.071776,0.323456,11.748321,5.968870,0.160044,0.148944,717.066667
5,30,12.073614,0.322095,11.751519,5.954435,0.159012,0.148601,715.258065
5,31,12.069000,0.319839,11.749160,5.948442,0.157817,0.148478,714.843750
5,32,12.067953,0.322060,11.745892,5.950338,0.158985,0.148496,715.151515
5,33,12.069063,0.320982,11.748081,5.943489,0.158273,0.148339,714.235294
5,34,12.067316,0.322454,11.744862,5.948170,0.159164,0.148436,714.885714
5,35,12.071855,0.324264,11.747590,5.957818,0.160285,0.148655,715.722222
5,36,12.068915,0.323908,11.745007,5.948133,0.159888,0.148417,714.756757
5,37,12.071604,0.322444,11.749160,5.950415,0.159182,0.148493,714.894737
5,38,12.072591,0.321868,11.750723,5.944055,0.158721,0.148342,714.102564
5,39,12.069839,0.323105,11.746734,5.941308,0.159281,0.148257,713.900000
5,40,12.066210,0.322233,11.743977,5.926344,0.158529,0.147893,712.292683
5,41,12.065550,0.321629,11.743921,5.924870,0.158197,0.147863,712.119048
5,42,12.064519,0.321912,11.742607,5.917168,0.158130,0.147668,711.279070
5,43,12.063902,0.322566,11.741335,5.917972,0.158478,0.147679,711.409091
5,44,12.064205,0.323582,11.740623,5.926966,0.159241,0.147890,712.466667
5,45,12.064521,0.323309,11.741213,5.926810,0.159093,0.147890,712.413043
5,46,12.063587,0.322520,11.741066,5.932491,0.158846,0.148042,713.170213
5,47,12.059857,0.321808,11.738049,5.933990,0.158571,0.148088,713.562500
5,48,12.058558,0.321830,11.736728,5.933673,0.158586,0.148079,713.612245
5,49,12.058569,0.322169,11.736400,5.935460,0.158799,0.148120,713.840000
5,50,12.059754,0.322702,11.737052,5.929425,0.158866,0.147963,713.039216
5,51,12.061214,0.323464,11.737750,5.941493,0.159575,0.148254,714.365385
5,52,12.060249,0.322991,11.737258,5.940178,0.159317,0.148227,714.245283
5,53,12.060659,0.321759,11.738901,5.933793,0.158566,0.148083,713.462963
5,54,12.059940,0.322379,11.737560,5.928902,0.158733,0.147953,712.927273
5,55,12.057414,0.320536,11.736878,5.927843,0.157825,0.147949,712.946429
5,56,12.058511,0.321413,11.737098,5.924647,0.158138,0.147859,712.491228
5,57,12.056273,0.321040,11.735233,5.920537,0.157875,0.147761,712.068966
5,58,12.059150,0.322199,11.736950,5.922728,0.158466,0.147802,712.135593
5,59,12.061271,0.322970,11.738301,5.927494,0.158953,0.147911,712.616667
5,60,12.061961,0.323460,11.738501,5.928470,0.159209,0.147930,712.721311
5,61,12.059999,0.322617,11.737382,5.928840,0.158821,0.147949,712.903226
5,62,12.060819,0.323315,11.737505,5.931630,0.159233,0.148010,713.190476
5,63,12.063181,0.324071,11.739111,5.929609,0.159504,0.147951,712.828125
6,0,12.324607,0.627060,11.697547,12.025890,0.611862,0.292667,1418.000000
6,1,12.318685,0.571252,11.747433,12.081349,0.559970,0.295420,1424.000000
6,2,12.288172,0.545489,11.742682,11.931260,0.529941,0.292342,1410.000000
6,3,12.268858,0.548712,11.720146,11.954108,0.534899,0.292800,1414.750000
6,4,12.275812,0.548118,11.727694,11.983789,0.535283,0.293551,1417.800000
6,5,12.300835,0.564883,11.735953,11.998890,0.551128,0.293532,1416.833333
6,6,12.311909,0.569840,11.742068,12.048672,0.557836,0.294637,1421.428571
6,7,12.314954,0.574312,11.740643,12.056036,0.562405,0.294709,1421.875000
6,8,12.308153,0.566082,11.742071,12.049948,0.554352,0.294759,1421.777778
6,9,12.302437,0.558118,11.744319,12.034126,0.546135,0.294564,1420.200000
6,10,12.299525,0.556447,11.743079,12.019696,0.543974,0.294249,1418.818182
6,11,12.296838,0.557260,11.739578,12.008143,0.544341,0.293944,1417.750000
6,12,12.296902,0.558681,11.738220,12.009696,0.545786,0.293946,1417.923077
6,13,12.299842,0.560094,11.739748,11.973425,0.545320,0.293028,1413.142857
6,14,12.303399,0.558472,11.744928,11.962152,0.543095,0.292796,1411.466667
6,15,12.301166,0.559766,11.741400,11.974118,0.545014,0.293054,1413.062500
6,16,12.300332,0.561609,11.738723,11.987862,0.547501,0.293343,1414.882353
6,17,12.301254,0.562409,11.738845,11.963004,0.547067,0.292716,1411.888889
6,18,12.307349,0.569372,11.737978,11.974524,0.554145,0.292830,1412.631579
6,19,12.303983,0.566288,11.737695,11.983168,0.551630,0.293116,1414.150000
6,20,12.296236,0.557266,11.738970,11.953969,0.542166,0.292610,1411.476190
6,21,12.303969,0.561350,11.742618,11.985495,0.547364,0.293285,1414.090909
6,22,12.304694,0.563048,11.741646,11.986013,0.548985,0.293257,1414.130435
6,23,12.308567,0.565266,11.743301,12.000800,0.551672,0.293567,1415.375000
6,24,12.312198,0.569546,11.742652,12.026170,0.557007,0.294081,1417.960000
6,25,12.313994,0.570722,11.743271,12.029273,0.558194,0.294130,1418.153846
6,26,12.304493,0.564162,11.740331,11.995645,0.550966,0.293453,1415.222222
6,27,12.301630,0.562317,11.739314,11.979912,0.548591,0.293111,1413.750000
6,28,12.297326,0.558788,11.738538,11.968171,0.544835,0.292906,1412.862069
6,29,12.297364,0.559899,11.737465,11.969580,0.545949,0.292914,1413.100000
6,30,12.296026,0.559242,11.736784,11.961748,0.544991,0.292737,1412.387097
6,31,12.289311,0.554599,11.734712,11.956302,0.540481,0.292713,1412.406250
6,32,12.292433,0.558657,11.733776,11.999178,0.546615,0.293655,1417.121212
6,33,12.294541,0.558215,11.736326,12.006224,0.546365,0.293843,1417.705882
6,34,12.296917,0.560992,11.735925,12.021619,0.549733,0.294151,1419.314286
6,35,12.300382,0.564977,11.735405,12.047638,0.554877,0.294686,1422.000000
6,36,12.301068,0.565508,11.735561,12.070134,0.556391,0.295224,1424.513514
6,37,12.296603,0.562231,11.734372,12.059380,0.552904,0.295038,1423.789474
6,38,12.297511,0.562921,11.734590,12.059820,0.553520,0.295033,1423.794872
6,39,12.298875,0.565206,11.733669,12.081623,0.556809,0.295508,1426.200000
6,40,12.298354,0.563818,11.734536,12.076832,0.555229,0.295426,1425.682927
6,41,12.295850,0.562801,11.733049,12.064647,0.553777,0.295151,1424.571429
6,42,12.295785,0.562884,11.732901,12.058346,0.553536,0.294995,1423.837209
6,43,12.293159,0.562241,11.730918,12.057683,0.552954,0.294993,1424.000000
6,44,12.295024,0.563394,11.731630,12.060394,0.554096,0.295033,1424.133333
6,45,12.294127,0.562466,11.731661,12.061598,0.553243,0.295086,1424.391304
6,46,12.292078,0.561572,11.730506,12.060667,0.552381,0.295084,1424.531915
6,47,12.291844,0.560202,11.731641,12.054160,0.550755,0.294959,1423.791667
6,48,12.291444,0.560624,11.730820,12.052286,0.551070,0.294903,1423.653061
6,49,12.294375,0.562417,11.731958,12.051515,0.552611,0.294844,1423.260000
6,50,12.294452,0.562780,11.731671,12.054419,0.553075,0.294906,1423.607843
6,51,12.295768,0.564096,11.731672,12.057848,0.554450,0.294959,1423.903846
6,52,12.296251,0.563852,11.732400,12.061688,0.554337,0.295060,1424.301887
6,53,12.293695,0.561627,11.732068,12.061211,0.552206,0.295103,1424.555556
6,54,12.295063,0.562041,11.733022,12.062865,0.552605,0.295135,1424.636364
6,55,12.293078,0.559817,11.733260,12.049778,0.550002,0.294866,1423.267857
6,56,12.294533,0.561080,11.733454,12.049669,0.551139,0.294834,1423.122807
6,57,12.293729,0.560794,11.732935,12.041655,0.550516,0.294645,1422.206897
6,58,12.295223,0.562476,11.732747,12.052460,0.552641,0.294867,1423.305085
6,59,12.296727,0.563898,11.732829,12.056951,0.554172,0.294943,1423.666667
6,60,12.298405,0.565215,11.733189,12.073544,0.556219,0.295316,1425.393443
6,61,12.296723,0.563222,11.733501,12.066370,0.554041,0.295188,1424.677419
6,62,12.297817,0.564374,11.733442,12.069132,0.555236,0.295228,1424.904762
6,63,12.299842,0.565568,11.734274,12.075857,0.556630,0.295365,1425.484375
7,0,28.088042,16.346526,11.741516,46.279120,26.933270,0.496047,2419.000000
7,1,23.751161,11.989583,11.761578,38.585670,19.539206,0.488371,2379.000000
7,2,22.866608,11.130474,11.736134,37.238277,18.163115,0.489107,2378.333333
7,3,24.002102,12.280588,11.721514,38.933667,19.938541,0.487055,2369.500000
7,4,24.164688,12.432734,11.731954,39.177665,20.171312,0.487342,2370.600000
7,5,23.954973,12.215341,11.739632,38.780632,19.788753,0.486971,2365.666667
7,6,23.764147,12.020478,11.743669,38.375347,19.425154,0.485902,2361.285714
7,7,24.943902,13.208481,11.735420,40.448478,21.450764,0.487121,2369.375000
7,8,24.355459,12.623235,11.732224,39.509213,20.504205,0.487308,2370.222222
7,9,24.034737,12.297893,11.736845,38.992183,19.975183,0.487615,2370.700000
7,10,23.766546,12.032301,11.734246,38.623809,19.571796,0.488513,2375.090909
7,11,24.552599,12.818720,11.733878,39.957735,20.884886,0.489047,2379.916667
7,12,24.372309,12.643151,11.729158,39.649961,20.590554,0.488703,2377.615385
7,13,24.025828,12.292768,11.733060,39.135320,20.038389,0.489665,2381.000000
7,14,23.673724,11.939266,11.734458,38.504885,19.440365,0.488834,2376.866667
7,15,23.314428,11.581603,11.732825,37.918504,18.856607,0.488767,2375.875000
7,16,23.200843,11.468544,11.732298,37.714846,18.662984,0.488509,2374.176471
7,17,23.006415,11.275364,11.731051,37.420242,18.356548,0.488813,2375.277778
7,18,23.109518,11.378072,11.731447,37.588593,18.523054,0.488860,2375.631579
7,19,22.986799,11.254916,11.731884,37.349238,18.304772,0.488320,2373.450000
7,20,22.552455,10.820295,11.732160,36.600870,17.591211,0.487427,2368.142857
7,21,22.958138,11.223665,11.734473,37.222775,18.221624,0.487209,2366.954545
7,22,24.433355,12.701579,11.731775,39.799599,20.763804,0.488097,2374.043478
7,23,24.307877,12.577350,11.730527,39.602594,20.561709,0.488228,2374.708333
7,24,24.456875,12.726712,11.730162,39.853495,20.806971,0.488372,2375.240000
7,25,24.554497,12.825803,11.728695,39.969858,20.941602,0.487904,2373.038462
7,26,24.225737,12.498123,11.727614,39.403587,20.397948,0.487324,2370.037037
7,27,24.294930,12.565859,11.729071,39.470892,20.480749,0.486927,2368.071429
7,28,23.985007,12.256255,11.728752,38.961198,19.974041,0.486850,2367.206897
7,29,24.446297,12.716730,11.729567,39.733480,20.735696,0.487123,2369.500000
7,30,24.238772,12.510166,11.728605,39.415276,20.404501,0.487456,2370.935484
7,31,23.971291,12.241912,11.729378,38.944019,19.957278,0.486840,2367.656250
7,32,24.258589,12.527997,11.730592,39.370194,20.393666,0.486578,2366.363636
7,33,24.067425,12.337407,11.730017,39.060118,20.082601,0.486603,2366.852941
7,34,24.233392,12.503900,11.729491,39.336302,20.355258,0.486693,2367.200000
7,35,25.202072,13.471835,11.730237,40.871394,21.894930,0.486576,2367.527778
7,36,25.315736,13.583720,11.732016,41.027945,22.058470,0.486397,2366.729730
7,37,25.089628,13.357095,11.732532,40.647832,21.685968,0.486202,2365.421053
7,38,24.972389,13.241773,11.730616,40.471158,21.503681,0.486346,2366.435897
7,39,25.627638,13.896854,11.730784,41.549167,22.576638,0.486475,2367.525000
7,40,25.478407,13.746271,11.732136,41.299086,22.328155,0.486434,2366.585366
7,41,25.275592,13.542236,11.733356,40.971530,21.996691,0.486534,2366.500000
7,42,25.215186,13.482401,11.732785,40.905644,21.914150,0.486961,2368.627907
7,43,25.134238,13.400963,11.733275,40.775431,21.781584,0.487022,2368.545455
7,44,25.075700,13.343915,11.731785,40.683682,21.689670,0.487026,2369.133333
7,45,24.897119,13.166454,11.730665,40.387885,21.399017,0.486894,2368.282609
7,46,24.837865,13.107361,11.730504,40.274771,21.294312,0.486678,2367.574468
7,47,24.687998,12.956971,11.731027,40.014302,21.043780,0.486424,2366.020833
7,48,24.650445,12.919614,11.730831,39.978710,20.994660,0.486770,2367.979592
7,49,24.562301,12.831539,11.730761,39.833814,20.850175,0.486760,2367.660000
7,50,24.481500,12.749895,11.731605,39.701085,20.716254,0.486791,2367.333333
7,51,24.518520,12.786286,11.732234,39.743706,20.764844,0.486637,2366.480769
7,52,24.505368,12.772914,11.732455,39.713657,20.738011,0.486555,2365.867925
7,53,24.339294,12.607676,11.731618,39.428729,20.465607,0.486234,2364.407407
7,54,24.383120,12.651038,11.732081,39.494293,20.532051,0.486211,2364.181818
7,55,24.258883,12.527261,11.731622,39.288411,20.329312,0.486131,2363.589286
7,56,24.298267,12.565725,11.732542,39.358667,20.394484,0.486261,2363.912281
7,57,24.273763,12.540641,11.733121,39.324065,20.355630,0.486370,2364.086207
7,58,24.505004,12.772666,11.732337,39.695969,20.728970,0.486333,2364.067797
7,59,24.444702,12.711892,11.732809,39.591816,20.627055,0.486276,2363.466667
7,60,24.560297,12.827417,11.732881,39.766143,20.805446,0.486172,2362.967213
7,61,24.428353,12.695055,11.733299,39.549317,20.589650,0.486145,2362.677419
7,62,24.821701,13.088330,11.733371,40.206296,21.241126,0.486286,2363.761905
7,63,25.021194,13.287725,11.733468,40.545567,21.574567,0.486436,2364.281250
8,0,3.697771,0.004416,3.693355,0.761936,0.000910,0.253675,299.000000
8,1,3.717358,0.002208,3.715150,0.755980,0.000455,0.251842,296.000000
8,2,3.744186,0.002910,3.741276,0.764249,0.000599,0.254550,297.000000
8,3,3.742872,0.005284,3.737588,0.735710,0.000988,0.244907,285.750000
8,4,3.753708,0.004227,3.749481,0.735265,0.000791,0.244825,284.600000
8,5,3.747996,0.003857,3.744139,0.725149,0.000720,0.241476,281.000000
8,6,3.754491,0.004418,3.750074,0.725399,0.000830,0.241523,280.571429
8,7,3.751693,0.005126,3.746567,0.723556,0.000966,0.240863,280.125000
8,8,3.754651,0.006277,3.748375,0.724936,0.001194,0.241247,280.111111
8,9,3.744826,0.006327,3.738499,0.720169,0.001200,0.239656,279.000000
8,10,3.746177,0.006051,3.740125,0.718568,0.001147,0.239140,278.272727
8,11,3.743282,0.006819,3.736463,0.721663,0.001310,0.240118,279.583333
8,12,3.740910,0.006552,3.734358,0.720429,0.001258,0.239724,279.153846
8,13,3.735439,0.006334,3.729105,0.718158,0.001216,0.238981,278.785714
8,14,3.734357,0.006450,3.727907,0.713144,0.001228,0.237306,276.933333
8,15,3.737047,0.007024,3.730023,0.707245,0.001311,0.235311,274.500000
8,16,3.730663,0.006871,3.723791,0.703776,0.001280,0.234165,273.647059
8,17,3.730540,0.006606,3.723934,0.701674,0.001230,0.233481,272.888889
8,18,3.733115,0.007104,3.726010,0.703128,0.001329,0.233933,273.315789
8,19,3.730772,0.006749,3.724023,0.699617,0.001262,0.232785,272.100000
8,20,3.729004,0.006469,3.722535,0.698526,0.001210,0.232439,271.809524
8,21,3.732792,0.006510,3.726282,0.694465,0.001208,0.231086,270.045455
8,22,3.738252,0.006463,3.731789,0.696304,0.001201,0.231701,270.304348
8,23,3.739886,0.006372,3.733514,0.693902,0.001181,0.230907,269.208333
8,24,3.737068,0.006391,3.730677,0.690506,0.001179,0.229776,268.040000
8,25,3.739105,0.006401,3.732704,0.690958,0.001181,0.229926,268.076923
8,26,3.738866,0.006659,3.732207,0.689764,0.001225,0.229513,267.666667
8,27,3.738547,0.007184,3.731364,0.687501,0.001309,0.228731,266.821429
8,28,3.739141,0.007424,3.731718,0.688713,0.001358,0.229119,267.172414
8,29,3.740402,0.007530,3.732871,0.688608,0.001377,0.229077,267.066667
8,30,3.739919,0.007597,3.732322,0.688722,0.001390,0.229111,267.193548
8,31,3.738270,0.007578,3.730692,0.689686,0.001389,0.229432,267.718750
8,32,3.739535,0.007623,3.731912,0.689450,0.001396,0.229351,267.545455
8,33,3.740022,0.007896,3.732127,0.690871,0.001453,0.229806,268.058824
8,34,3.738065,0.007959,3.730106,0.690271,0.001464,0.229602,267.942857
8,35,3.738182,0.008092,3.730090,0.691521,0.001493,0.230009,268.416667
8,36,3.737677,0.008002,3.729675,0.691266,0.001476,0.229930,268.378378
8,37,3.735325,0.008058,3.727267,0.690265,0.001485,0.229593,268.157895
8,38,3.735500,0.007857,3.727643,0.690634,0.001448,0.229729,268.179487
8,39,3.734763,0.008005,3.726758,0.690267,0.001475,0.229597,268.100000
8,40,3.733093,0.008224,3.724869,0.685417,0.001494,0.227974,266.317073
8,41,3.731344,0.008139,3.723205,0.687000,0.001482,0.228506,267.023810
8,42,3.728926,0.008063,3.720863,0.686019,0.001467,0.228184,266.813953
8,43,3.730538,0.008290,3.722248,0.685450,0.001505,0.227981,266.454545
8,44,3.732138,0.008330,3.723807,0.685883,0.001513,0.228123,266.533333
8,45,3.730969,0.008406,3.722563,0.686864,0.001532,0.228444,267.043478
8,46,3.730410,0.008383,3.722027,0.686212,0.001527,0.228228,266.851064
8,47,3.729593,0.008278,3.721315,0.686125,0.001508,0.228206,266.875000
8,48,3.728374,0.008298,3.720076,0.684868,0.001509,0.227786,266.448980
8,49,3.727050,0.008443,3.718607,0.683551,0.001531,0.227340,266.040000
8,50,3.726792,0.008386,3.718407,0.683827,0.001522,0.227435,266.156863
8,51,3.725462,0.008229,3.717233,0.683894,0.001493,0.227467,266.269231
8,52,3.725802,0.008350,3.717452,0.685378,0.001521,0.227952,266.830189
8,53,3.726528,0.008370,3.718158,0.686124,0.001527,0.228199,267.074074
8,54,3.726470,0.008336,3.718133,0.685969,0.001521,0.228149,267.000000
8,55,3.726106,0.008380,3.717726,0.684852,0.001526,0.227775,266.589286
8,56,3.726237,0.008403,3.717834,0.684256,0.001529,0.227576,266.298246
8,57,3.726876,0.008538,3.718339,0.684004,0.001552,0.227484,266.103448
8,58,3.727889,0.008547,3.719342,0.683458,0.001552,0.227302,265.813559
8,59,3.727901,0.008612,3.719290,0.684428,0.001568,0.227620,266.200000
8,60,3.728385,0.008529,3.719856,0.683527,0.001552,0.227325,265.819672
8,61,3.728167,0.008555,3.719611,0.683007,0.001556,0.227151,265.645161
8,62,3.729120,0.008620,3.720500,0.683388,0.001568,0.227273,265.746032
8,63,3.728735,0.008486,3.720249,0.683406,0.001544,0.227287,265.765625
9,0,3.712838,0.012828,3.700011,10.903566,0.037672,0.679118,4324.000000
9,1,3.711943,0.013852,3.698091,10.834821,0.040415,0.674650,4297.500000
9,2,3.714493,0.013206,3.701288,10.810200,0.038432,0.673236,4269.333333
9,3,3.716952,0.013167,3.703786,10.822822,0.038337,0.674030,4269.000000
9,4,3.709927,0.012743,3.697184,10.803375,0.037106,0.672892,4272.400000
9,5,3.717241,0.013592,3.703648,10.821660,0.039566,0.673881,4268.500000
9,6,3.722881,0.013835,3.709046,10.825536,0.040221,0.674082,4266.428571
9,7,3.722580,0.014376,3.708203,10.846301,0.041902,0.675275,4275.625000
9,8,3.720135,0.013961,3.706174,10.836808,0.040683,0.674758,4273.555556
9,9,3.722818,0.013310,3.709509,10.818752,0.038734,0.673751,4263.100000
9,10,3.726309,0.013659,3.712650,10.829841,0.039747,0.674381,4262.727273
9,11,3.727712,0.013645,3.714067,10.835082,0.039709,0.674711,4267.250000
9,12,3.726094,0.013564,3.712530,10.829039,0.039464,0.674348,4264.307692
9,13,3.725495,0.013609,3.711885,10.828581,0.039598,0.674311,4263.857143
9,14,3.724280,0.013504,3.710776,10.812900,0.039248,0.673353,4259.200000
9,15,3.725665,0.013615,3.712050,10.810985,0.039545,0.673215,4255.062500
9,16,3.726934,0.014088,3.712846,10.814330,0.040912,0.673339,4254.058824
9,17,3.727621,0.014347,3.713274,10.817723,0.041670,0.673503,4253.388889
9,18,3.727475,0.014621,3.712854,10.823616,0.042496,0.673820,4256.105263
9,19,3.728026,0.014404,3.713623,10.824169,0.041860,0.673894,4256.600000
9,20,3.728340,0.014269,3.714071,10.809011,0.041418,0.672975,4248.666667
9,21,3.728446,0.014131,3.714314,10.815763,0.041035,0.673420,4251.818182
9,22,3.728767,0.014112,3.714655,10.824266,0.041006,0.673954,4258.478261
9,23,3.728443,0.014379,3.714064,10.825588,0.041791,0.673987,4259.083333
9,24,3.728591,0.014484,3.714107,10.833821,0.042130,0.674481,4261.720000
9,25,3.727992,0.014742,3.713250,10.832567,0.042882,0.674355,4261.500000
9,26,3.728221,0.014645,3.713576,10.823636,0.042566,0.673817,4256.962963
9,27,3.728010,0.014512,3.713498,10.820487,0.042172,0.673645,4256.250000
9,28,3.728358,0.014633,3.713726,10.820932,0.042517,0.673651,4255.034483
9,29,3.728553,0.014853,3.713700,10.824288,0.043170,0.673820,4258.200000
9,30,3.728820,0.014912,3.713908,10.822843,0.043331,0.673719,4256.645161
9,31,3.728953,0.014907,3.714046,10.816407,0.043287,0.673320,4253.718750
9,32,3.729269,0.015107,3.714162,10.825168,0.043911,0.673829,4257.303030
9,33,3.729840,0.015345,3.714496,10.827611,0.044604,0.673938,4258.058824
9,34,3.729889,0.015412,3.714477,10.835239,0.044834,0.674400,4260.685714
9,35,3.730550,0.015610,3.714940,10.842859,0.045440,0.674839,4264.694444
9,36,3.730098,0.015397,3.714701,10.842125,0.044822,0.674831,4265.594595
9,37,3.730327,0.015323,3.715003,10.838604,0.044591,0.674626,4263.500000
9,38,3.730362,0.015468,3.714894,10.838177,0.045007,0.674573,4263.205128
9,39,3.730719,0.015651,3.715068,10.843989,0.045567,0.674901,4266.000000
9,40,3.730851,0.015593,3.715259,10.838720,0.045375,0.674584,4262.902439
9,41,3.731122,0.015890,3.715231,10.837089,0.046219,0.674429,4261.357143
9,42,3.731630,0.016041,3.715589,10.841867,0.046674,0.674700,4262.581395
9,43,3.731550,0.015893,3.715656,10.843575,0.046250,0.674833,4262.818182
9,44,3.731511,0.015967,3.715544,10.844741,0.046469,0.674892,4263.777778
9,45,3.731359,0.015918,3.715441,10.843321,0.046322,0.674812,4262.652174
9,46,3.731393,0.015947,3.715445,10.841891,0.046398,0.674718,4262.638298
9,47,3.731003,0.015926,3.715078,10.836549,0.046317,0.674390,4260.645833
9,48,3.731147,0.015827,3.715319,10.839653,0.046038,0.674601,4262.122449
9,49,3.731128,0.015838,3.715290,10.841410,0.046075,0.674708,4262.320000
9,50,3.731468,0.015846,3.715621,10.841967,0.046098,0.674742,4261.549020
9,51,3.732135,0.016041,3.716094,10.844207,0.046663,0.674846,4261.711538
9,52,3.732317,0.016010,3.716307,10.845503,0.046576,0.674933,4261.754717
9,53,3.732367,0.015950,3.716417,10.843071,0.046392,0.674792,4260.648148
9,54,3.731825,0.015990,3.715836,10.841984,0.046508,0.674717,4260.690909
9,55,3.732005,0.015934,3.716071,10.840225,0.046338,0.674618,4259.267857
9,56,3.732588,0.016019,3.716569,10.842392,0.046586,0.674738,4259.192982
9,57,3.732569,0.015996,3.716574,10.840860,0.046511,0.674647,4258.155172
9,58,3.732685,0.016080,3.716605,10.843099,0.046765,0.674771,4258.915254
9,59,3.732798,0.016094,3.716704,10.845294,0.046814,0.674905,4259.200000
9,60,3.732394,0.016011,3.716383,10.847070,0.046581,0.675031,4260.360656
9,61,3.731979,0.015897,3.716082,10.843331,0.046243,0.674818,4259.258065
9,62,3.731709,0.015866,3.715843,10.844127,0.046157,0.674873,4260.619048
9,63,3.731686,0.015919,3.715766,10.845449,0.046319,0.674946,4260.812500
10,0,3.720932,0.007171,3.713761,1.954147,0.003766,0.390076,2192.000000
10,1,3.724989,0.008682,3.716307,1.978767,0.004621,0.394829,2201.000000
10,2,3.729454,0.009608,3.719846,1.996091,0.005156,0.398187,2217.666667
10,3,3.730419,0.011599,3.718820,1.992866,0.006201,0.397333,2211.750000
10,4,3.724935,0.011989,3.712946,1.996968,0.006434,0.398107,2217.800000
10,5,3.723832,0.011851,3.711981,1.991471,0.006344,0.397025,2210.166667
10,6,3.723568,0.011789,3.711779,1.994225,0.006319,0.397581,2210.571429
10,7,3.724737,0.011488,3.713249,1.994980,0.006157,0.397764,2220.375000
10,8,3.729496,0.011492,3.718004,1.996960,0.006157,0.398161,2220.222222
10,9,3.730752,0.011657,3.719096,2.002543,0.006262,0.399256,2223.300000
10,10,3.729428,0.011572,3.717856,2.002398,0.006218,0.399236,2228.454545
10,11,3.725703,0.012079,3.713624,1.997900,0.006478,0.398284,2228.083333
10,12,3.728122,0.011911,3.716211,1.999756,0.006389,0.398673,2226.769231
10,13,3.727077,0.011887,3.715190,1.997777,0.006372,0.398281,2226.928571
10,14,3.728364,0.011782,3.716582,1.997810,0.006314,0.398299,2224.000000
10,15,3.728927,0.011813,3.717114,1.998607,0.006332,0.398455,2225.062500
10,16,3.727889,0.012088,3.715801,1.999491,0.006486,0.398601,2226.647059
10,17,3.727206,0.011885,3.715321,2.000570,0.006380,0.398838,2229.555556
10,18,3.726958,0.011473,3.715485,2.000457,0.006159,0.398860,2229.736842
10,19,3.726628,0.011565,3.715063,2.001118,0.006211,0.398981,2229.250000
10,20,3.726696,0.011627,3.715070,2.002776,0.006250,0.399305,2227.904762
10,21,3.725952,0.011600,3.714353,2.001141,0.006232,0.398982,2225.454545
10,22,3.726678,0.011321,3.715357,2.002260,0.006083,0.399235,2232.826087
10,23,3.727117,0.011265,3.715852,2.001126,0.006049,0.399015,2231.875000
10,24,3.726556,0.011055,3.715502,2.000788,0.005936,0.398970,2231.360000
10,25,3.726295,0.011016,3.715279,2.002472,0.005920,0.399310,2232.461538
10,26,3.726354,0.011049,3.715305,2.001396,0.005935,0.399092,2228.518519
10,27,3.727593,0.011018,3.716575,2.001915,0.005918,0.399200,2226.964286
10,28,3.728175,0.011029,3.717146,2.004061,0.005929,0.399626,2228.724138
10,29,3.727356,0.011081,3.716276,2.002106,0.005951,0.399231,2229.133333
10,30,3.727415,0.011196,3.716219,2.001783,0.006012,0.399154,2227.774194
10,31,3.727247,0.011295,3.715952,2.001602,0.006065,0.399107,2225.437500
10,32,3.727725,0.011393,3.716332,2.000707,0.006113,0.398919,2222.424242
10,33,3.727957,0.011481,3.716477,2.000082,0.006157,0.398785,2222.941176
10,34,3.728453,0.011488,3.716965,2.001828,0.006166,0.399132,2224.285714
10,35,3.728971,0.011490,3.717481,2.001783,0.006166,0.399123,2225.833333
10,36,3.728910,0.011434,3.717477,2.001655,0.006136,0.399104,2224.513514
10,37,3.729426,0.011525,3.717901,2.001342,0.006183,0.399032,2222.657895
10,38,3.728759,0.011465,3.717294,2.001483,0.006152,0.399066,2223.512821
10,39,3.729135,0.011636,3.717499,2.001360,0.006242,0.399024,2223.550000
10,40,3.728667,0.011580,3.717087,2.001164,0.006212,0.398991,2222.000000
10,41,3.729356,0.011595,3.717761,2.000693,0.006217,0.398895,2220.904762
10,42,3.729366,0.011616,3.717750,2.000750,0.006229,0.398904,2222.232558
10,43,3.729538,0.011759,3.717779,2.001678,0.006309,0.399074,2223.250000
10,44,3.730073,0.011802,3.718271,2.002258,0.006334,0.399185,2224.044444
10,45,3.730514,0.011807,3.718708,2.002065,0.006335,0.399146,2223.065217
10,46,3.729979,0.011735,3.718244,2.000937,0.006294,0.398929,2220.425532
10,47,3.730121,0.011634,3.718487,2.001271,0.006241,0.399006,2219.583333
10,48,3.730626,0.011552,3.719075,2.002075,0.006198,0.399176,2220.795918
10,49,3.730346,0.011535,3.718811,2.001848,0.006188,0.399132,2220.780000
10,50,3.729989,0.011504,3.718485,2.000818,0.006170,0.398930,2219.823529
10,51,3.730231,0.011546,3.718685,2.000638,0.006191,0.398889,2219.519231
10,52,3.730128,0.011592,3.718536,2.001165,0.006218,0.398989,2220.000000
10,53,3.730219,0.011723,3.718496,2.001098,0.006288,0.398962,2219.388889
10,54,3.730262,0.011735,3.718527,2.002194,0.006298,0.399179,2220.745455
10,55,3.729553,0.011661,3.717893,2.002269,0.006259,0.399202,2220.982143
10,56,3.729763,0.011683,3.718079,2.002699,0.006272,0.399285,2221.842105
10,57,3.729585,0.011681,3.717904,2.002165,0.006270,0.399179,2221.603448
10,58,3.729347,0.011666,3.717682,2.002019,0.006261,0.399151,2221.423729
10,59,3.728981,0.011702,3.717278,2.002286,0.006283,0.399201,2221.416667
10,60,3.728987,0.011735,3.717252,2.002151,0.006300,0.399170,2220.737705
10,61,3.728508,0.011722,3.716785,2.002228,0.006294,0.399187,2221.048387
10,62,3.728238,0.011696,3.716542,2.001138,0.006277,0.398972,2220.476190
10,63,3.728552,0.011738,3.716813,2.001188,0.006300,0.398978,2221.281250
